-- phpMyAdmin SQL Dump
-- version 4.7.4
-- https://www.phpmyadmin.net/
--
-- Host: 127.0.0.1:3306
-- Generation Time: Apr 20, 2018 at 06:24 AM
-- Server version: 5.7.19
-- PHP Version: 7.1.9

SET SQL_MODE = "NO_AUTO_VALUE_ON_ZERO";
SET AUTOCOMMIT = 0;
START TRANSACTION;
SET time_zone = "+00:00";


/*!40101 SET @OLD_CHARACTER_SET_CLIENT=@@CHARACTER_SET_CLIENT */;
/*!40101 SET @OLD_CHARACTER_SET_RESULTS=@@CHARACTER_SET_RESULTS */;
/*!40101 SET @OLD_COLLATION_CONNECTION=@@COLLATION_CONNECTION */;
/*!40101 SET NAMES utf8mb4 */;

--
-- Database: `stock`
--

-- --------------------------------------------------------

--
-- Table structure for table `department`
--

DROP TABLE IF EXISTS `department`;
CREATE TABLE IF NOT EXISTS `department` (
  `dept_id` int(11) NOT NULL AUTO_INCREMENT,
  `dept_name` varchar(30) NOT NULL,
  `password` varchar(255) NOT NULL,
  `role` int(11) NOT NULL DEFAULT '0',
  `dept_details` varchar(255) NOT NULL,
  `added_at` date DEFAULT NULL,
  PRIMARY KEY (`dept_id`),
  UNIQUE KEY `dept_name` (`dept_name`),
  KEY `dept_name_2` (`dept_name`)
) ENGINE=InnoDB AUTO_INCREMENT=17 DEFAULT CHARSET=latin1;

--
-- Dumping data for table `department`
--

INSERT INTO `department` (`dept_id`, `dept_name`, `password`, `role`, `dept_details`, `added_at`) VALUES
(1, 'stock', '12345', 1, 'default stock department', '2018-03-27'),
(2, 'pol_science', '3875', 0, 'political science department', '2018-04-05'),
(10, 'cse', '12345', 0, 'computer science', '2018-04-04'),
(16, 'LINUX', '12345', 0, ' GNU', '2018-04-19');

-- --------------------------------------------------------

--
-- Table structure for table `item`
--

DROP TABLE IF EXISTS `item`;
CREATE TABLE IF NOT EXISTS `item` (
  `item_id` int(11) NOT NULL AUTO_INCREMENT,
  `item_name` varchar(30) NOT NULL,
  `item_cat` varchar(30) NOT NULL,
  `item_detail` varchar(255) NOT NULL,
  `bill_no` varchar(30) DEFAULT NULL,
  `supplier_id` int(11) NOT NULL,
  `dept_id` int(11) NOT NULL DEFAULT '1',
  `supplied_at` date NOT NULL,
  PRIMARY KEY (`item_id`),
  KEY `item_cat` (`item_cat`),
  KEY `supplier_id` (`supplier_id`),
  KEY `dept_id` (`dept_id`),
  KEY `supplier_id_2` (`supplier_id`)
) ENGINE=InnoDB AUTO_INCREMENT=464 DEFAULT CHARSET=latin1;

--
-- Dumping data for table `item`
--

INSERT INTO `item` (`item_id`, `item_name`, `item_cat`, `item_detail`, `bill_no`, `supplier_id`, `dept_id`, `supplied_at`) VALUES
(9, 'Celestine', 'Sibbering', 'csibbering7@fema.gov', 'Female', 1, 2, '2018-04-10'),
(10, 'Katrine', 'Whitecross', 'kwhitecross8@istockphoto.com', 'Female', 1, 10, '2018-04-10'),
(11, 'Dewain', 'jjjj', 'dbalding9@cargocollective.com', 'Male', 1, 10, '2018-03-31'),
(12, 'Kettie', 'MacGillavery', 'kmacgillaverya@joomla.org', 'Female', 1, 10, '2018-03-31'),
(13, 'Naoma', 'Dranfield', 'ndranfieldb@csmonitor.com', 'Female', 1, 2, '2018-03-31'),
(14, 'Sutherlan', 'Joust', 'sjoustc@apple.com', 'Male', 1, 10, '2018-03-31'),
(15, 'Denny', 'Cumberledge', 'dcumberledged@surveymonkey.com', 'Female', 1, 10, '2018-03-31'),
(16, 'Chad', 'Phin', 'cphine@livejournal.com', 'Male', 1, 10, '2018-03-31'),
(17, 'Milena', 'Seagood', 'mseagoodf@so-net.ne.jp', 'Female', 1, 10, '2018-03-31'),
(18, 'bhkac', 'Mapes', 'dmapesg@technorati.com', 'Male', 1, 16, '2018-03-31'),
(19, 'Dasie', 'Squirrell', 'dsquirrellh@theatlantic.com', 'Female', 1, 2, '2018-03-31'),
(20, 'Bancroft', 'Gauvain', 'bgauvaini@ameblo.jp', 'Male', 1, 1, '2018-03-31'),
(21, 'Jorge', 'Yakunikov', 'jyakunikovj@tumblr.com', 'Male', 1, 1, '2018-03-31'),
(23, 'Rafferty', 'Rock', 'rrockl@cnn.com', 'Male', 1, 1, '2018-03-31'),
(24, 'Tedman', 'MacRierie', 'tmacrieriem@oakley.com', 'Male', 1, 1, '2018-03-31'),
(25, 'Lucienne', 'Rove', 'lroven@virginia.edu', 'Female', 1, 1, '2018-03-31'),
(26, 'Sibby', 'Cohr', 'scohro@dmoz.org', 'Female', 1, 1, '2018-03-31'),
(27, 'Marlon', 'Grim', 'mgrimp@cafepress.com', 'Male', 1, 1, '2018-03-31'),
(28, 'Elwyn', 'Langmaid', 'elangmaidq@clickbank.net', 'Male', 1, 1, '2018-03-31'),
(29, 'Enrico', 'Loughran', 'eloughranr@wisc.edu', 'Male', 1, 1, '2018-03-31'),
(30, 'See', 'Passfield', 'spassfields@sbwire.com', 'Male', 1, 2, '2018-03-31'),
(31, 'Durand', 'Bohlin', 'dbohlint@ucla.edu', 'Male', 1, 1, '2018-03-31'),
(32, 'Gideon', 'Mouland', 'gmoulandu@pinterest.com', 'Male', 1, 1, '2018-03-31'),
(33, 'Hilde', 'Castane', 'hcastanev@hc360.com', 'Female', 1, 1, '2018-03-31'),
(34, 'Culley', 'Borres', 'cborresw@so-net.ne.jp', 'Male', 1, 1, '2018-03-31'),
(35, 'Chas', 'Kloisner', 'ckloisnerx@apache.org', 'Male', 1, 1, '2018-03-31'),
(36, 'Brandy', 'Ramstead', 'bramsteady@tamu.edu', 'Male', 1, 1, '2018-03-31'),
(37, 'Kenn', 'Hambidge', 'khambidgez@admin.ch', 'Male', 1, 1, '2018-03-31'),
(38, 'Cherida', 'Cherryman', 'ccherryman10@furl.net', 'Female', 1, 1, '2018-03-31'),
(39, 'Clim', 'Latliff', 'clatliff11@histats.com', 'Male', 1, 1, '2018-03-31'),
(40, 'Bruis', 'Peiser', 'bpeiser12@umn.edu', 'Male', 1, 1, '2018-03-31'),
(41, 'Worthington', 'Dovidaitis', 'wdovidaitis13@shinystat.com', 'Male', 1, 1, '2018-03-31'),
(42, 'Corey', 'Jack', 'cjack14@bloomberg.com', 'Male', 1, 1, '2018-03-31'),
(43, 'Silvain', 'Marriner', 'smarriner15@examiner.com', 'Male', 1, 1, '2018-03-31'),
(44, 'Cybill', 'Eke', 'ceke16@icq.com', 'Female', 1, 1, '2018-03-31'),
(45, 'Yuma', 'Poytheras', 'ypoytheras17@unesco.org', 'Male', 1, 1, '2018-03-31'),
(46, 'Barnebas', 'Laying', 'blaying18@ovh.net', 'Male', 1, 1, '2018-03-31'),
(47, 'Sheridan', 'Kinton', 'skinton19@tumblr.com', 'Male', 1, 1, '2018-03-31'),
(48, 'Sandor', 'Hakes', 'shakes1a@ustream.tv', 'Male', 1, 1, '2018-03-31'),
(50, 'Roberta', 'Pickerell', 'rpickerell1c@typepad.com', 'Female', 1, 1, '2018-03-31'),
(51, 'Arlie', 'Stratz', 'astratz1d@samsung.com', 'Female', 1, 1, '2018-03-31'),
(52, 'Marney', 'Vorley', 'mvorley1e@nih.gov', 'Female', 1, 1, '2018-03-31'),
(53, 'Heriberto', 'Gigg', 'hgigg1f@hubpages.com', 'Male', 1, 1, '2018-03-31'),
(54, 'Nefen', 'Dulake', 'ndulake1g@utexas.edu', 'Male', 1, 1, '2018-03-31'),
(55, 'Meghann', 'Carneck', 'mcarneck1h@sphinn.com', 'Female', 1, 1, '2018-03-31'),
(56, 'Alfy', 'Devil', 'adevil1i@baidu.com', 'Male', 1, 1, '2018-03-31'),
(57, 'Eolanda', 'Edgeson', 'eedgeson1j@weibo.com', 'Female', 1, 1, '2018-03-31'),
(58, 'Raoul', 'Mathias', 'rmathias1k@rakuten.co.jp', 'Male', 1, 1, '2018-03-31'),
(59, 'Yorgos', 'McOwan', 'ymcowan1l@microsoft.com', 'Male', 1, 1, '2018-03-31'),
(60, 'Babbette', 'Gruszecki', 'bgruszecki1m@elpais.com', 'Female', 1, 1, '2018-03-31'),
(61, 'Curr', 'Akehurst', 'cakehurst1n@slashdot.org', 'Male', 1, 1, '2018-03-31'),
(62, 'Edgardo', 'Ianni', 'eianni1o@phoca.cz', 'Male', 1, 1, '2018-03-31'),
(63, 'Terrence', 'Kirwin', 'tkirwin1p@paypal.com', 'Male', 1, 1, '2018-03-31'),
(64, 'Bartolemo', 'Doodney', 'bdoodney1q@nbcnews.com', 'Male', 1, 1, '2018-03-31'),
(65, 'Neil', 'Renols', 'nrenols1r@weebly.com', 'Male', 1, 1, '2018-03-31'),
(66, 'Karry', 'Clausen', 'kclausen1s@who.int', 'Female', 1, 1, '2018-03-31'),
(67, 'Rodolphe', 'Pedican', 'rpedican1t@networksolutions.com', 'Male', 1, 1, '2018-03-31'),
(68, 'Daryl', 'Siebert', 'dsiebert1u@psu.edu', 'Male', 1, 1, '2018-03-31'),
(69, 'Ingar', 'Critchell', 'icritchell1v@github.com', 'Male', 1, 1, '2018-03-31'),
(71, 'Udall', 'Dumbleton', 'udumbleton1x@domainmarket.com', 'Male', 1, 1, '2018-03-31'),
(72, 'Vladimir', 'Pyper', 'vpyper1y@dailymotion.com', 'Male', 1, 1, '2018-03-31'),
(73, 'Dagny', 'Gilsthorpe', 'dgilsthorpe1z@people.com.cn', 'Male', 1, 1, '2018-03-31'),
(74, 'Fidela', 'Ough', 'fough20@imgur.com', 'Female', 1, 1, '2018-03-31'),
(75, 'Huntlee', 'Diloway', 'hdiloway21@studiopress.com', 'Male', 1, 1, '2018-03-31'),
(76, 'Minor', 'Farragher', 'mfarragher22@howstuffworks.com', 'Male', 1, 1, '2018-03-31'),
(77, 'Abner', 'Whodcoat', 'awhodcoat23@alibaba.com', 'Male', 1, 1, '2018-03-31'),
(78, 'Melodee', 'Horsewood', 'mhorsewood24@weebly.com', 'Female', 1, 1, '2018-03-31'),
(79, 'Osbourn', 'Atlee', 'oatlee25@spiegel.de', 'Male', 1, 1, '2018-03-31'),
(80, 'Maiga', 'Newcom', 'mnewcom26@naver.com', 'Female', 1, 1, '2018-03-31'),
(81, 'Shirline', 'Ovenell', 'sovenell27@noaa.gov', 'Female', 1, 1, '2018-03-31'),
(82, 'Maurits', 'Bilsland', 'mbilsland28@illinois.edu', 'Male', 1, 1, '2018-03-31'),
(83, 'Emelia', 'MacMillan', 'emacmillan29@microsoft.com', 'Female', 1, 1, '2018-03-31'),
(84, 'Rici', 'Beckles', 'rbeckles2a@ask.com', 'Female', 1, 1, '2018-03-31'),
(85, 'Thaddus', 'Sandey', 'tsandey2b@google.co.uk', 'Male', 1, 1, '2018-03-31'),
(86, 'Annie', 'Castello', 'acastello2c@creativecommons.org', 'Female', 1, 1, '2018-03-31'),
(87, 'Hettie', 'Bulloch', 'hbulloch2d@gov.uk', 'Female', 1, 1, '2018-03-31'),
(88, 'Colet', 'Lecount', 'clecount2e@slashdot.org', 'Male', 1, 1, '2018-03-31'),
(89, 'Gabbie', 'Baitman', 'gbaitman2f@joomla.org', 'Female', 1, 1, '2018-03-31'),
(90, 'Wenonah', 'Klewer', 'wklewer2g@trellian.com', 'Female', 1, 1, '2018-03-31'),
(91, 'Farlay', 'Salaman', 'fsalaman2h@nifty.com', 'Male', 1, 1, '2018-03-31'),
(92, 'Dedra', 'Jerred', 'djerred2i@eepurl.com', 'Female', 1, 1, '2018-03-31'),
(93, 'Cedric', 'Svanetti', 'csvanetti2j@about.me', 'Male', 1, 1, '2018-03-31'),
(94, 'Leigh', 'Raithmill', 'lraithmill2k@fda.gov', 'Male', 1, 1, '2018-03-31'),
(95, 'Aubrette', 'Tyght', 'atyght2l@theatlantic.com', 'Female', 1, 1, '2018-03-31'),
(96, 'Rochell', 'Rubroe', 'rrubroe2m@npr.org', 'Female', 1, 1, '2018-03-31'),
(97, 'Curr', 'Dimsdale', 'cdimsdale2n@go.com', 'Male', 1, 1, '2018-03-31'),
(98, 'Valentia', 'Lyne', 'vlyne2o@un.org', 'Female', 1, 1, '2018-03-31'),
(99, 'Tawnya', 'Barreau', 'tbarreau2p@marketwatch.com', 'Female', 1, 1, '2018-03-31'),
(100, 'Odo', 'Flaunier', 'oflaunier2q@imdb.com', 'Male', 1, 1, '2018-03-31'),
(101, 'Abbe', 'Morrish', 'amorrish2r@statcounter.com', 'Female', 1, 1, '2018-03-31'),
(102, 'Angelia', 'Egarr', 'aegarr2s@moonfruit.com', 'Female', 1, 1, '2018-03-31'),
(103, 'Dante', 'Sagg', 'dsagg2t@microsoft.com', 'Male', 1, 1, '2018-03-31'),
(104, 'Steffane', 'Simonich', 'ssimonich2u@edublogs.org', 'Female', 1, 1, '2018-03-31'),
(105, 'Toby', 'Drinkel', 'tdrinkel2v@foxnews.com', 'Male', 1, 1, '2018-03-31'),
(106, 'Northrup', 'Massot', 'nmassot2w@irs.gov', 'Male', 1, 1, '2018-03-31'),
(107, 'Vanny', 'Breckon', 'vbreckon2x@ning.com', 'Female', 1, 1, '2018-03-31'),
(108, 'Stillman', 'Beall', 'sbeall2y@mashable.com', 'Male', 1, 1, '2018-03-31'),
(109, 'Francois', 'Pratty', 'fpratty2z@myspace.com', 'Male', 1, 1, '2018-03-31'),
(110, 'Talbot', 'Saer', 'tsaer30@360.cn', 'Male', 1, 1, '2018-03-31'),
(111, 'Susy', 'Toope', 'stoope31@npr.org', 'Female', 1, 1, '2018-03-31'),
(112, 'Evita', 'Canelas', 'ecanelas32@wikia.com', 'Female', 1, 1, '2018-03-31'),
(113, 'Annissa', 'Shavel', 'ashavel33@usgs.gov', 'Female', 1, 1, '2018-03-31'),
(114, 'Torre', 'Kowalik', 'tkowalik34@last.fm', 'Male', 1, 1, '2018-03-31'),
(115, 'Rhys', 'Olensby', 'rolensby35@hao123.com', 'Male', 1, 1, '2018-03-31'),
(116, 'Fredric', 'Zarfai', 'fzarfai36@webnode.com', 'Male', 1, 1, '2018-03-31'),
(117, 'Rosaleen', 'McNish', 'rmcnish37@nifty.com', 'Female', 1, 1, '2018-03-31'),
(118, 'Morna', 'McIlharga', 'mmcilharga38@360.cn', 'Female', 1, 1, '2018-03-31'),
(119, 'Orland', 'Umbert', 'oumbert39@creativecommons.org', 'Male', 1, 1, '2018-03-31'),
(120, 'Jorrie', 'Luis', 'jluis3a@google.it', 'Female', 1, 1, '2018-03-31'),
(121, 'Lucila', 'Eppson', 'leppson3b@infoseek.co.jp', 'Female', 1, 1, '2018-03-31'),
(122, 'Wynne', 'Karlolak', 'wkarlolak3c@reverbnation.com', 'Female', 1, 1, '2018-03-31'),
(123, 'Jacquelynn', 'McMylor', 'jmcmylor3d@netvibes.com', 'Female', 1, 1, '2018-03-31'),
(124, 'Emelia', 'Audus', 'eaudus3e@e-recht24.de', 'Female', 1, 1, '2018-03-31'),
(125, 'Franklyn', 'Labram', 'flabram3f@nature.com', 'Male', 1, 1, '2018-03-31'),
(126, 'Manny', 'Kelleher', 'mkelleher3g@slate.com', 'Male', 1, 1, '2018-03-31'),
(127, 'Corbie', 'Miroy', 'cmiroy3h@dedecms.com', 'Male', 1, 1, '2018-03-31'),
(128, 'Wilmar', 'Yellowley', 'wyellowley3i@drupal.org', 'Male', 1, 1, '2018-03-31'),
(129, 'Hillyer', 'Greening', 'hgreening3j@miitbeian.gov.cn', 'Male', 1, 1, '2018-03-31'),
(130, 'Alisander', 'Dowry', 'adowry3k@yahoo.co.jp', 'Male', 1, 1, '2018-03-31'),
(131, 'Fraze', 'Branchet', 'fbranchet3l@unblog.fr', 'Male', 1, 1, '2018-03-31'),
(132, 'Aprilette', 'Glasper', 'aglasper3m@acquirethisname.com', 'Female', 1, 1, '2018-03-31'),
(133, 'Andros', 'Dominick', 'adominick3n@example.com', 'Male', 1, 1, '2018-03-31'),
(134, 'Deena', 'Loving', 'dloving3o@marketwatch.com', 'Female', 1, 1, '2018-03-31'),
(135, 'Wye', 'Macourek', 'wmacourek3p@instagram.com', 'Male', 1, 1, '2018-03-31'),
(136, 'Eran', 'Tomaszczyk', 'etomaszczyk3q@disqus.com', 'Female', 1, 1, '2018-03-31'),
(137, 'Tristan', 'Thompson', 'tthompson3r@cisco.com', 'Male', 1, 1, '2018-03-31'),
(138, 'Maure', 'Blumire', 'mblumire3s@imdb.com', 'Female', 1, 1, '2018-03-31'),
(139, 'Lucine', 'Gerrell', 'lgerrell3t@upenn.edu', 'Female', 1, 1, '2018-03-31'),
(140, 'Garek', 'Harsnep', 'gharsnep3u@163.com', 'Male', 1, 1, '2018-03-31'),
(141, 'Orelie', 'Lally', 'olally3v@last.fm', 'Female', 1, 1, '2018-03-31'),
(142, 'Dexter', 'Henighan', 'dhenighan3w@wp.com', 'Male', 1, 1, '2018-03-31'),
(143, 'Dorri', 'Guyver', 'dguyver3x@liveinternet.ru', 'Female', 1, 1, '2018-03-31'),
(144, 'Bordie', 'Coggings', 'bcoggings3y@weather.com', 'Male', 1, 1, '2018-03-31'),
(145, 'Delores', 'Redferne', 'dredferne3z@twitpic.com', 'Female', 1, 1, '2018-03-31'),
(146, 'Krishnah', 'Giovanetti', 'kgiovanetti40@washington.edu', 'Male', 1, 1, '2018-03-31'),
(147, 'Roselia', 'O\'Kane', 'rokane41@tuttocitta.it', 'Female', 1, 1, '2018-03-31'),
(148, 'Nevin', 'Whitmore', 'nwhitmore42@dailymotion.com', 'Male', 1, 1, '2018-03-31'),
(149, 'Ram', 'Reggiani', 'rreggiani43@360.cn', 'Male', 1, 1, '2018-03-31'),
(150, 'Darnell', 'Izakovitz', 'dizakovitz44@princeton.edu', 'Male', 1, 1, '2018-03-31'),
(151, 'Bethany', 'Dudden', 'bdudden45@salon.com', 'Female', 1, 1, '2018-03-31'),
(152, 'Rudyard', 'Leven', 'rleven46@ustream.tv', 'Male', 1, 1, '2018-03-31'),
(153, 'Louella', 'Belfelt', 'lbelfelt47@wikimedia.org', 'Female', 1, 1, '2018-03-31'),
(154, 'Corbie', 'Cosely', 'ccosely48@sitemeter.com', 'Male', 1, 1, '2018-03-31'),
(155, 'Kalindi', 'Rillett', 'krillett49@twitpic.com', 'Female', 1, 1, '2018-03-31'),
(156, 'Wallis', 'Brelsford', 'wbrelsford4a@list-manage.com', 'Female', 1, 1, '2018-03-31'),
(157, 'Natalya', 'Popham', 'npopham4b@fema.gov', 'Female', 1, 1, '2018-03-31'),
(158, 'Dayna', 'MacConnechie', 'dmacconnechie4c@163.com', 'Female', 1, 1, '2018-03-31'),
(159, 'Eloisa', 'Lenihan', 'elenihan4d@sitemeter.com', 'Female', 1, 1, '2018-03-31'),
(160, 'Antonius', 'Cobbold', 'acobbold4e@4shared.com', 'Male', 1, 1, '2018-03-31'),
(161, 'Gavra', 'Cowpe', 'gcowpe4f@utexas.edu', 'Female', 1, 1, '2018-03-31'),
(162, 'Bruno', 'Stienton', 'bstienton4g@last.fm', 'Male', 1, 1, '2018-03-31'),
(163, 'Minnnie', 'Vasilevich', 'mvasilevich4h@flavors.me', 'Female', 1, 1, '2018-03-31'),
(164, 'Barbee', 'Hollingshead', 'bhollingshead4i@unesco.org', 'Female', 1, 1, '2018-03-31'),
(165, 'Anny', 'Seyfart', 'aseyfart4j@dedecms.com', 'Female', 1, 1, '2018-03-31'),
(166, 'Niki', 'Vaughton', 'nvaughton4k@blogtalkradio.com', 'Male', 1, 1, '2018-03-31'),
(167, 'Modesty', 'Schleicher', 'mschleicher4l@techcrunch.com', 'Female', 1, 1, '2018-03-31'),
(168, 'Foster', 'Crich', 'fcrich4m@w3.org', 'Male', 1, 1, '2018-03-31'),
(169, 'Kory', 'Booker', 'kbooker4n@dmoz.org', 'Male', 1, 1, '2018-03-31'),
(170, 'Shirlene', 'Hutchens', 'shutchens4o@soup.io', 'Female', 1, 1, '2018-03-31'),
(171, 'Romain', 'Coutts', 'rcoutts4p@php.net', 'Male', 1, 1, '2018-03-31'),
(172, 'Jemmy', 'Haliburton', 'jhaliburton4q@yelp.com', 'Female', 1, 1, '2018-03-31'),
(173, 'Kerrie', 'Butterwick', 'kbutterwick4r@google.it', 'Female', 1, 1, '2018-03-31'),
(174, 'Roshelle', 'Steers', 'rsteers4s@digg.com', 'Female', 1, 1, '2018-03-31'),
(175, 'Ulrich', 'Paggitt', 'upaggitt4t@alexa.com', 'Male', 1, 1, '2018-03-31'),
(176, 'Florella', 'Costigan', 'fcostigan4u@bbb.org', 'Female', 1, 1, '2018-03-31'),
(177, 'Evelyn', 'Meace', 'emeace4v@ameblo.jp', 'Male', 1, 1, '2018-03-31'),
(178, 'Robina', 'Gingell', 'rgingell4w@bloglines.com', 'Female', 1, 1, '2018-03-31'),
(179, 'Marna', 'Bourchier', 'mbourchier4x@ustream.tv', 'Female', 1, 1, '2018-03-31'),
(180, 'Bennie', 'Dudek', 'bdudek4y@patch.com', 'Female', 1, 1, '2018-03-31'),
(181, 'Christian', 'Dommerque', 'cdommerque4z@rakuten.co.jp', 'Male', 1, 1, '2018-03-31'),
(182, 'Myrta', 'Gillease', 'mgillease50@msu.edu', 'Female', 1, 1, '2018-03-31'),
(183, 'Franchot', 'Porrett', 'fporrett51@tiny.cc', 'Male', 1, 1, '2018-03-31'),
(184, 'Jerrylee', 'Baumber', 'jbaumber52@shareasale.com', 'Female', 1, 1, '2018-03-31'),
(185, 'Sophey', 'Gopsall', 'sgopsall53@1und1.de', 'Female', 1, 1, '2018-03-31'),
(186, 'Carlie', 'Jahnel', 'cjahnel54@typepad.com', 'Male', 1, 1, '2018-03-31'),
(187, 'Tamra', 'Hearns', 'thearns55@people.com.cn', 'Female', 1, 1, '2018-03-31'),
(188, 'Gerta', 'Brecknall', 'gbrecknall56@usatoday.com', 'Female', 1, 1, '2018-03-31'),
(189, 'Hughie', 'Seiller', 'hseiller57@shinystat.com', 'Male', 1, 1, '2018-03-31'),
(190, 'Valencia', 'Danielis', 'vdanielis58@cocolog-nifty.com', 'Female', 1, 1, '2018-03-31'),
(191, 'Arleta', 'Barber', 'abarber59@ucoz.com', 'Female', 1, 1, '2018-03-31'),
(192, 'Martin', 'Burkett', 'mburkett5a@facebook.com', 'Male', 1, 1, '2018-03-31'),
(193, 'Anstice', 'Gauden', 'agauden5b@disqus.com', 'Female', 1, 1, '2018-03-31'),
(194, 'Madelin', 'Ridolfi', 'mridolfi5c@toplist.cz', 'Female', 1, 1, '2018-03-31'),
(195, 'Olympia', 'MacFarland', 'omacfarland5d@businessinsider.com', 'Female', 1, 1, '2018-03-31'),
(196, 'Jasmine', 'Shrimpton', 'jshrimpton5e@sbwire.com', 'Female', 1, 1, '2018-03-31'),
(198, 'Wendy', 'Morais', 'wmorais5g@cdbaby.com', 'Female', 1, 1, '2018-03-31'),
(199, 'Saleem', 'Spurriar', 'sspurriar5h@mtv.com', 'Male', 1, 1, '2018-03-31'),
(200, 'Lawton', 'Chidzoy', 'lchidzoy5i@t-online.de', 'Male', 1, 1, '2018-03-31'),
(201, 'Berky', 'Dalinder', 'bdalinder5j@photobucket.com', 'Male', 1, 1, '2018-03-31'),
(202, 'Bobbi', 'Jales', 'bjales5k@taobao.com', 'Female', 1, 1, '2018-03-31'),
(203, 'Ulric', 'Rumgay', 'urumgay5l@yale.edu', 'Male', 1, 1, '2018-03-31'),
(204, 'Lynn', 'Whimpenny', 'lwhimpenny5m@wufoo.com', 'Female', 1, 1, '2018-03-31'),
(205, 'Findley', 'Lesurf', 'flesurf5n@ca.gov', 'Male', 1, 1, '2018-03-31'),
(206, 'Hercules', 'Castille', 'hcastille5o@taobao.com', 'Male', 1, 1, '2018-03-31'),
(207, 'Newton', 'Arkle', 'narkle5p@trellian.com', 'Male', 1, 1, '2018-03-31'),
(208, 'Mella', 'Sabater', 'msabater5q@taobao.com', 'Female', 1, 1, '2018-03-31'),
(209, 'Sarita', 'Klinck', 'sklinck5r@acquirethisname.com', 'Female', 1, 1, '2018-03-31'),
(210, 'Arron', 'Stathers', 'astathers5s@edublogs.org', 'Male', 1, 1, '2018-03-31'),
(211, 'Vladamir', 'Glassup', 'vglassup5t@storify.com', 'Male', 1, 1, '2018-03-31'),
(212, 'Laney', 'Freckelton', 'lfreckelton5u@imdb.com', 'Male', 1, 1, '2018-03-31'),
(213, 'Nan', 'Gorce', 'ngorce5v@linkedin.com', 'Female', 1, 1, '2018-03-31'),
(214, 'Aland', 'Cholton', 'acholton5w@buzzfeed.com', 'Male', 1, 1, '2018-03-31'),
(215, 'Eldredge', 'Goldney', 'egoldney5x@macromedia.com', 'Male', 1, 1, '2018-03-31'),
(216, 'Suzi', 'Pamphilon', 'spamphilon5y@discovery.com', 'Female', 1, 1, '2018-03-31'),
(217, 'Rikki', 'Sondland', 'rsondland5z@bluehost.com', 'Female', 1, 1, '2018-03-31'),
(218, 'Nevil', 'Arber', 'narber60@senate.gov', 'Male', 1, 1, '2018-03-31'),
(219, 'Phylys', 'Charnick', 'pcharnick61@cornell.edu', 'Female', 1, 1, '2018-03-31'),
(220, 'Aidan', 'Ambrogiotti', 'aambrogiotti62@utexas.edu', 'Female', 1, 1, '2018-03-31'),
(221, 'Judie', 'Somers', 'jsomers63@imageshack.us', 'Female', 1, 1, '2018-03-31'),
(222, 'Prissie', 'Howett', 'phowett64@themeforest.net', 'Female', 1, 1, '2018-03-31'),
(223, 'Anna-diana', 'Jose', 'ajose65@imageshack.us', 'Female', 1, 1, '2018-03-31'),
(224, 'Maurizia', 'Flobert', 'mflobert66@dropbox.com', 'Female', 1, 1, '2018-03-31'),
(225, 'Chelsie', 'Fancourt', 'cfancourt67@angelfire.com', 'Female', 1, 1, '2018-03-31'),
(226, 'Janice', 'Buckell', 'jbuckell68@flickr.com', 'Female', 1, 1, '2018-03-31'),
(227, 'Phelia', 'Lyall', 'plyall69@yellowpages.com', 'Female', 1, 1, '2018-03-31'),
(228, 'Filbert', 'Readman', 'freadman6a@rediff.com', 'Male', 1, 1, '2018-03-31'),
(229, 'Timmy', 'Meekin', 'tmeekin6b@imgur.com', 'Female', 1, 1, '2018-03-31'),
(230, 'Burl', 'Avrasin', 'bavrasin6c@thetimes.co.uk', 'Male', 1, 1, '2018-03-31'),
(231, 'Dave', 'Shoreman', 'dshoreman6d@yelp.com', 'Male', 1, 1, '2018-03-31'),
(232, 'Reuven', 'Elliot', 'relliot6e@mlb.com', 'Male', 1, 1, '2018-03-31'),
(233, 'Lorita', 'Gooley', 'lgooley6f@alexa.com', 'Female', 1, 1, '2018-03-31'),
(234, 'Renie', 'Brotherton', 'rbrotherton6g@jugem.jp', 'Female', 1, 1, '2018-03-31'),
(235, 'Shaw', 'Tomaello', 'stomaello6h@google.co.uk', 'Male', 1, 1, '2018-03-31'),
(236, 'Lonny', 'Trillow', 'ltrillow6i@cbc.ca', 'Male', 1, 1, '2018-03-31'),
(237, 'Jasen', 'Strippling', 'jstrippling6j@etsy.com', 'Male', 1, 1, '2018-03-31'),
(238, 'Gerhardt', 'Blann', 'gblann6k@amazonaws.com', 'Male', 1, 1, '2018-03-31'),
(239, 'Jobie', 'Oleshunin', 'joleshunin6l@tmall.com', 'Female', 1, 1, '2018-03-31'),
(240, 'Berni', 'McPhelimey', 'bmcphelimey6m@phoca.cz', 'Female', 1, 1, '2018-03-31'),
(241, 'Park', 'Lugden', 'plugden6n@europa.eu', 'Male', 1, 1, '2018-03-31'),
(242, 'Irwin', 'Tremmel', 'itremmel6o@histats.com', 'Male', 1, 1, '2018-03-31'),
(243, 'Cedric', 'Rubenczyk', 'crubenczyk6p@google.cn', 'Male', 1, 1, '2018-03-31'),
(244, 'Ezechiel', 'Labusch', 'elabusch6q@washington.edu', 'Male', 1, 1, '2018-03-31'),
(245, 'Clemmie', 'Stuckes', 'cstuckes6r@zimbio.com', 'Female', 1, 1, '2018-03-31'),
(246, 'Smith', 'Proswell', 'sproswell6s@ihg.com', 'Male', 1, 1, '2018-03-31'),
(247, 'Eduardo', 'Preston', 'epreston6t@wikimedia.org', 'Male', 1, 1, '2018-03-31'),
(248, 'Lissie', 'Esel', 'lesel6u@ftc.gov', 'Female', 1, 1, '2018-03-31'),
(249, 'Elbertina', 'Dammarell', 'edammarell6v@51.la', 'Female', 1, 1, '2018-03-31'),
(250, 'Cad', 'Chasemore', 'cchasemore6w@latimes.com', 'Male', 1, 1, '2018-03-31'),
(251, 'Earl', 'Myford', 'emyford6x@mozilla.org', 'Male', 1, 1, '2018-03-31'),
(252, 'Gertrud', 'Benjefield', 'gbenjefield6y@miibeian.gov.cn', 'Female', 1, 1, '2018-03-31'),
(253, 'Constantina', 'Ellingworth', 'cellingworth6z@comcast.net', 'Female', 1, 1, '2018-03-31'),
(254, 'Miran', 'Bayliss', 'mbayliss70@vimeo.com', 'Female', 1, 1, '2018-03-31'),
(255, 'Jacqui', 'Ivory', 'jivory71@timesonline.co.uk', 'Female', 1, 1, '2018-03-31'),
(256, 'Corny', 'Rouke', 'crouke72@unicef.org', 'Female', 1, 1, '2018-03-31'),
(257, 'Perla', 'Revey', 'prevey73@chicagotribune.com', 'Female', 1, 1, '2018-03-31'),
(258, 'Nettie', 'Fanshaw', 'nfanshaw74@chicagotribune.com', 'Female', 1, 1, '2018-03-31'),
(259, 'Rosanna', 'Gherardesci', 'rgherardesci75@posterous.com', 'Female', 1, 1, '2018-03-31'),
(260, 'Hilliary', 'Kinze', 'hkinze76@elpais.com', 'Female', 1, 1, '2018-03-31'),
(261, 'Marketa', 'Wanjek', 'mwanjek77@angelfire.com', 'Female', 1, 1, '2018-03-31'),
(262, 'Shaun', 'Snugg', 'ssnugg78@usda.gov', 'Male', 1, 1, '2018-03-31'),
(263, 'Bernie', 'Rizzini', 'brizzini79@friendfeed.com', 'Female', 1, 1, '2018-03-31'),
(264, 'Delores', 'Ludovici', 'dludovici7a@sina.com.cn', 'Female', 1, 1, '2018-03-31'),
(265, 'Geri', 'Paula', 'gpaula7b@unicef.org', 'Female', 1, 1, '2018-03-31'),
(266, 'Lorin', 'Ralton', 'lralton7c@yellowbook.com', 'Male', 1, 1, '2018-03-31'),
(267, 'Jolie', 'Busher', 'jbusher7d@wsj.com', 'Female', 1, 1, '2018-03-31'),
(268, 'Mariann', 'Pulsford', 'mpulsford7e@squarespace.com', 'Female', 1, 1, '2018-03-31'),
(269, 'Seline', 'Gladwell', 'sgladwell7f@usgs.gov', 'Female', 1, 1, '2018-03-31'),
(270, 'Kristopher', 'Bale', 'kbale7g@pcworld.com', 'Male', 1, 1, '2018-03-31'),
(271, 'Jennine', 'Winslett', 'jwinslett7h@cnn.com', 'Female', 1, 1, '2018-03-31'),
(272, 'Graham', 'Blackburn', 'gblackburn7i@marriott.com', 'Male', 1, 1, '2018-03-31'),
(273, 'Dody', 'Comazzo', 'dcomazzo7j@t.co', 'Female', 1, 1, '2018-03-31'),
(274, 'Rodolph', 'Duckworth', 'rduckworth7k@dagondesign.com', 'Male', 1, 1, '2018-03-31'),
(275, 'Mayer', 'Sail', 'msail7l@sphinn.com', 'Male', 1, 1, '2018-03-31'),
(276, 'Melamie', 'Oldfield-Cherry', 'moldfieldcherry7m@microsoft.com', 'Female', 1, 1, '2018-03-31'),
(277, 'Dixie', 'Kubal', 'dkubal7n@sogou.com', 'Female', 1, 1, '2018-03-31'),
(278, 'Carlynn', 'Copplestone', 'ccopplestone7o@samsung.com', 'Female', 1, 1, '2018-03-31'),
(279, 'Angus', 'O\'Leagham', 'aoleagham7p@dion.ne.jp', 'Male', 1, 1, '2018-03-31'),
(280, 'Sindee', 'Barwis', 'sbarwis7q@businessweek.com', 'Female', 1, 1, '2018-03-31'),
(281, 'Gabriel', 'Rosenfeld', 'grosenfeld7r@oaic.gov.au', 'Male', 1, 1, '2018-03-31'),
(282, 'Jaimie', 'Jodlowski', 'jjodlowski7s@arizona.edu', 'Female', 1, 1, '2018-03-31'),
(283, 'Sigmund', 'De Filippo', 'sdefilippo7t@networksolutions.com', 'Male', 1, 1, '2018-03-31'),
(284, 'Janka', 'Kristufek', 'jkristufek7u@arizona.edu', 'Female', 1, 1, '2018-03-31'),
(285, 'Derron', 'de Zamora', 'ddezamora7v@soundcloud.com', 'Male', 1, 1, '2018-03-31'),
(286, 'Robinson', 'Lillie', 'rlillie7w@hud.gov', 'Male', 1, 1, '2018-03-31'),
(287, 'Artemis', 'Brandom', 'abrandom7x@elegantthemes.com', 'Male', 1, 1, '2018-03-31'),
(288, 'Nikaniki', 'Adamoli', 'nadamoli7y@bloomberg.com', 'Female', 1, 1, '2018-03-31'),
(289, 'Trudie', 'Spadari', 'tspadari7z@rambler.ru', 'Female', 1, 1, '2018-03-31'),
(290, 'Myca', 'Selwyne', 'mselwyne80@zimbio.com', 'Male', 1, 1, '2018-03-31'),
(291, 'Chad', 'McAllister', 'cmcallister81@nyu.edu', 'Male', 1, 1, '2018-03-31'),
(292, 'Alberto', 'Rykert', 'arykert82@craigslist.org', 'Male', 1, 1, '2018-03-31'),
(293, 'Malina', 'Barkhouse', 'mbarkhouse83@sogou.com', 'Female', 1, 1, '2018-03-31'),
(294, 'Tildi', 'Hutable', 'thutable84@indiegogo.com', 'Female', 1, 1, '2018-03-31'),
(295, 'Mikel', 'Mutimer', 'mmutimer85@samsung.com', 'Male', 1, 1, '2018-03-31'),
(296, 'Iorgo', 'Moncreiff', 'imoncreiff86@vistaprint.com', 'Male', 1, 1, '2018-03-31'),
(297, 'Astrid', 'Klais', 'aklais87@mayoclinic.com', 'Female', 1, 1, '2018-03-31'),
(298, 'Magda', 'Hamshar', 'mhamshar88@rakuten.co.jp', 'Female', 1, 1, '2018-03-31'),
(299, 'Abbe', 'Helkin', 'ahelkin89@hostgator.com', 'Female', 1, 1, '2018-03-31'),
(300, 'Wendel', 'Kimbury', 'wkimbury8a@uol.com.br', 'Male', 1, 1, '2018-03-31'),
(301, 'Faun', 'Lansdowne', 'flansdowne8b@goodreads.com', 'Female', 1, 1, '2018-03-31'),
(302, 'Vincenz', 'Lidgerton', 'vlidgerton8c@ucoz.ru', 'Male', 1, 1, '2018-03-31'),
(303, 'Gayleen', 'Luetkemeyers', 'gluetkemeyers8d@prweb.com', 'Female', 1, 1, '2018-03-31'),
(304, 'Chrysa', 'Pellitt', 'cpellitt8e@goodreads.com', 'Female', 1, 1, '2018-03-31'),
(305, 'Nara', 'Chaim', 'nchaim8f@samsung.com', 'Female', 1, 1, '2018-03-31'),
(306, 'Valentin', 'Jeary', 'vjeary8g@surveymonkey.com', 'Male', 1, 1, '2018-03-31'),
(307, 'Carmine', 'Dedmam', 'cdedmam8h@flavors.me', 'Male', 1, 1, '2018-03-31'),
(308, 'Maddie', 'Walisiak', 'mwalisiak8i@indiatimes.com', 'Female', 1, 1, '2018-03-31'),
(310, 'Morna', 'Borland', 'mborland8k@csmonitor.com', 'Female', 1, 1, '2018-03-31'),
(311, 'Dara', 'Callacher', 'dcallacher8l@bing.com', 'Female', 1, 1, '2018-03-31'),
(312, 'Zedekiah', 'Everly', 'zeverly8m@tripadvisor.com', 'Male', 1, 1, '2018-03-31'),
(313, 'Bel', 'Chaplyn', 'bchaplyn8n@soundcloud.com', 'Female', 1, 1, '2018-03-31'),
(314, 'Beau', 'Whitrod', 'bwhitrod8o@nymag.com', 'Male', 1, 1, '2018-03-31'),
(315, 'Sam', 'Gostridge', 'sgostridge8p@rakuten.co.jp', 'Male', 1, 1, '2018-03-31'),
(316, 'Thom', 'Collet', 'tcollet8q@last.fm', 'Male', 1, 1, '2018-03-31'),
(317, 'Konstantin', 'Vaggers', 'kvaggers8r@mlb.com', 'Male', 1, 1, '2018-03-31'),
(318, 'Alyse', 'Beddo', 'abeddo8s@go.com', 'Female', 1, 1, '2018-03-31'),
(319, 'Krisha', 'Hourahan', 'khourahan8t@cafepress.com', 'Male', 1, 1, '2018-03-31'),
(320, 'Annabel', 'Deeks', 'adeeks8u@tuttocitta.it', 'Female', 1, 1, '2018-03-31'),
(321, 'Umberto', 'Mapplethorpe', 'umapplethorpe8v@elpais.com', 'Male', 1, 1, '2018-03-31'),
(322, 'Grannie', 'Eltun', 'geltun8w@1688.com', 'Male', 1, 1, '2018-03-31'),
(323, 'Rinaldo', 'Hamel', 'rhamel8x@harvard.edu', 'Male', 1, 1, '2018-03-31'),
(324, 'Cary', 'Ciobutaro', 'cciobutaro8y@npr.org', 'Male', 1, 1, '2018-03-31'),
(325, 'Austin', 'Billingsly', 'abillingsly8z@i2i.jp', 'Male', 1, 1, '2018-03-31'),
(326, 'Kevan', 'McNerlin', 'kmcnerlin90@netvibes.com', 'Male', 1, 1, '2018-03-31'),
(327, 'Sonni', 'Neil', 'sneil91@forbes.com', 'Female', 1, 1, '2018-03-31'),
(328, 'Willi', 'Emerton', 'wemerton92@dagondesign.com', 'Male', 1, 1, '2018-03-31'),
(329, 'Sigismondo', 'Gorce', 'sgorce93@alibaba.com', 'Male', 1, 1, '2018-03-31'),
(330, 'Cheston', 'Archbutt', 'carchbutt94@privacy.gov.au', 'Male', 1, 1, '2018-03-31'),
(331, 'Alain', 'Dupre', 'adupre95@hhs.gov', 'Male', 1, 1, '2018-03-31'),
(332, 'Noby', 'Rymmer', 'nrymmer96@businesswire.com', 'Male', 1, 1, '2018-03-31'),
(333, 'Lucius', 'Acres', 'lacres97@pbs.org', 'Male', 1, 1, '2018-03-31'),
(334, 'Hyacintha', 'Nagle', 'hnagle98@storify.com', 'Female', 1, 1, '2018-03-31'),
(335, 'Audrie', 'Duffer', 'aduffer99@shop-pro.jp', 'Female', 1, 1, '2018-03-31'),
(336, 'Tiertza', 'Skyppe', 'tskyppe9a@slideshare.net', 'Female', 1, 1, '2018-03-31'),
(337, 'Hans', 'Widdowfield', 'hwiddowfield9b@ucoz.com', 'Male', 1, 1, '2018-03-31'),
(338, 'Dana', 'Cosin', 'dcosin9c@cloudflare.com', 'Male', 1, 1, '2018-03-31'),
(339, 'Doy', 'Hourstan', 'dhourstan9d@businessinsider.com', 'Male', 1, 1, '2018-03-31'),
(340, 'Halli', 'Nollet', 'hnollet9e@umn.edu', 'Female', 1, 1, '2018-03-31'),
(341, 'Kissiah', 'Bucknall', 'kbucknall9f@ehow.com', 'Female', 1, 1, '2018-03-31'),
(342, 'Monika', 'Faughey', 'mfaughey9g@multiply.com', 'Female', 1, 1, '2018-03-31'),
(343, 'Violette', 'Lawtey', 'vlawtey9h@prlog.org', 'Female', 1, 1, '2018-03-31'),
(344, 'Harp', 'Bortolozzi', 'hbortolozzi9i@indiatimes.com', 'Male', 1, 1, '2018-03-31'),
(345, 'Sheffy', 'Clouter', 'sclouter9j@umn.edu', 'Male', 1, 1, '2018-03-31'),
(346, 'Silvie', 'Vignal', 'svignal9k@joomla.org', 'Female', 1, 1, '2018-03-31'),
(347, 'Gilemette', 'Buckberry', 'gbuckberry9l@thetimes.co.uk', 'Female', 1, 1, '2018-03-31'),
(348, 'Hy', 'Morphet', 'hmorphet9m@buzzfeed.com', 'Male', 1, 1, '2018-03-31'),
(349, 'Randee', 'Vamplers', 'rvamplers9n@narod.ru', 'Female', 1, 1, '2018-03-31'),
(350, 'Miguelita', 'Dorrell', 'mdorrell9o@desdev.cn', 'Female', 1, 1, '2018-03-31'),
(351, 'Tabbie', 'Swinney', 'tswinney9p@mail.ru', 'Female', 1, 1, '2018-03-31'),
(352, 'Evangelin', 'Duffree', 'eduffree9q@trellian.com', 'Female', 1, 1, '2018-03-31'),
(353, 'Etan', 'Nowaczyk', 'enowaczyk9r@archive.org', 'Male', 1, 1, '2018-03-31'),
(354, 'Gordy', 'Rozenbaum', 'grozenbaum9s@paginegialle.it', 'Male', 1, 1, '2018-03-31'),
(355, 'Karna', 'Karslake', 'kkarslake9t@wisc.edu', 'Female', 1, 1, '2018-03-31'),
(356, 'Franny', 'Fido', 'ffido9u@bigcartel.com', 'Female', 1, 1, '2018-03-31'),
(357, 'Mordy', 'De Bischof', 'mdebischof9v@arizona.edu', 'Male', 1, 1, '2018-03-31'),
(358, 'Olag', 'Sprasen', 'osprasen9w@telegraph.co.uk', 'Male', 1, 1, '2018-03-31'),
(359, 'Ginelle', 'Vann', 'gvann9x@hud.gov', 'Female', 1, 1, '2018-03-31'),
(360, 'Jedd', 'Wigsell', 'jwigsell9y@imdb.com', 'Male', 1, 1, '2018-03-31'),
(361, 'Chloe', 'Huge', 'chuge9z@indiatimes.com', 'Female', 1, 1, '2018-03-31'),
(362, 'Dianemarie', 'Helis', 'dhelisa0@stumbleupon.com', 'Female', 1, 1, '2018-03-31'),
(363, 'Adelaida', 'Wiggin', 'awiggina1@bing.com', 'Female', 1, 1, '2018-03-31'),
(364, 'Reggy', 'Crewdson', 'rcrewdsona2@cyberchimps.com', 'Male', 1, 1, '2018-03-31'),
(365, 'Roda', 'Larkkem', 'rlarkkema3@blogtalkradio.com', 'Female', 1, 1, '2018-03-31'),
(366, 'Fitzgerald', 'Remon', 'fremona4@guardian.co.uk', 'Male', 1, 1, '2018-03-31'),
(367, 'Amalita', 'Mellenby', 'amellenbya5@arizona.edu', 'Female', 1, 1, '2018-03-31'),
(368, 'Sonya', 'Simione', 'ssimionea6@blogger.com', 'Female', 1, 1, '2018-03-31'),
(369, 'Shirl', 'Regler', 'sreglera7@nasa.gov', 'Female', 1, 1, '2018-03-31'),
(370, 'Faustine', 'Frankcom', 'ffrankcoma8@uiuc.edu', 'Female', 1, 1, '2018-03-31'),
(371, 'Risa', 'Jina', 'rjinaa9@europa.eu', 'Female', 1, 1, '2018-03-31'),
(372, 'Xena', 'Jentet', 'xjentetaa@nba.com', 'Female', 1, 1, '2018-03-31'),
(373, 'Jorrie', 'Hemerijk', 'jhemerijkab@timesonline.co.uk', 'Female', 1, 1, '2018-03-31'),
(374, 'Mandi', 'Lovell', 'mlovellac@xing.com', 'Female', 1, 1, '2018-03-31'),
(375, 'Anya', 'Acey', 'aaceyad@si.edu', 'Female', 1, 1, '2018-03-31'),
(376, 'Astrix', 'Tremellier', 'atremellierae@usgs.gov', 'Female', 1, 1, '2018-03-31'),
(377, 'Erik', 'Dome', 'edomeaf@bluehost.com', 'Male', 1, 1, '2018-03-31'),
(378, 'Lexis', 'Le land', 'llelandag@wunderground.com', 'Female', 1, 1, '2018-03-31'),
(379, 'Sonny', 'Waddell', 'swaddellah@alibaba.com', 'Male', 1, 1, '2018-03-31'),
(380, 'Cyril', 'Yard', 'cyardai@microsoft.com', 'Male', 1, 1, '2018-03-31'),
(381, 'Jarrod', 'Greschke', 'jgreschkeaj@example.com', 'Male', 1, 1, '2018-03-31'),
(382, 'Smith', 'Fountaine', 'sfountaineak@army.mil', 'Male', 1, 1, '2018-03-31'),
(383, 'Isabel', 'Broadbent', 'ibroadbental@usda.gov', 'Female', 1, 1, '2018-03-31'),
(384, 'Gris', 'Shiers', 'gshiersam@vimeo.com', 'Male', 1, 1, '2018-03-31'),
(385, 'Orland', 'Ciccone', 'ocicconean@usgs.gov', 'Male', 1, 1, '2018-03-31'),
(386, 'Colby', 'Stemson', 'cstemsonao@godaddy.com', 'Male', 1, 1, '2018-03-31'),
(387, 'Anita', 'MacAlroy', 'amacalroyap@ucla.edu', 'Female', 1, 1, '2018-03-31'),
(388, 'Fonzie', 'Andrejevic', 'fandrejevicaq@umn.edu', 'Male', 1, 1, '2018-03-31'),
(389, 'Tisha', 'Siggery', 'tsiggeryar@unicef.org', 'Female', 1, 1, '2018-03-31'),
(390, 'Marietta', 'Chattey', 'mchatteyas@cloudflare.com', 'Male', 1, 1, '2018-03-31'),
(391, 'Law', 'Casassa', 'lcasassaat@plala.or.jp', 'Male', 1, 1, '2018-03-31'),
(392, 'Gene', 'Copestake', 'gcopestakeau@deviantart.com', 'Female', 1, 1, '2018-03-31'),
(393, 'Dulcia', 'McCoughan', 'dmccoughanav@networkadvertising.org', 'Female', 1, 1, '2018-03-31'),
(394, 'Darrelle', 'Sizeland', 'dsizelandaw@spiegel.de', 'Female', 1, 1, '2018-03-31'),
(395, 'Kennie', 'Bisset', 'kbissetax@sitemeter.com', 'Male', 1, 1, '2018-03-31'),
(396, 'Chevy', 'Yeardley', 'cyeardleyay@nih.gov', 'Male', 1, 1, '2018-03-31'),
(397, 'Elizabet', 'Farryann', 'efarryannaz@dagondesign.com', 'Female', 1, 1, '2018-03-31'),
(398, 'Amber', 'Coryndon', 'acoryndonb0@yale.edu', 'Female', 1, 1, '2018-03-31'),
(400, 'Lek', 'Creavan', 'lcreavanb2@booking.com', 'Male', 1, 1, '2018-03-31'),
(402, 'Cecilia', 'Tildesley', 'ctildesleyb4@mapy.cz', 'Female', 1, 1, '2018-03-31'),
(403, 'Ashton', 'Southam', 'asouthamb5@cnet.com', 'Male', 1, 1, '2018-03-31'),
(404, 'Corene', 'Lackie', 'clackieb6@seesaa.net', 'Female', 1, 1, '2018-03-31'),
(405, 'Faun', 'Odom', 'fodomb7@craigslist.org', 'Female', 1, 1, '2018-03-31'),
(406, 'Ragnar', 'Print', 'rprintb8@squidoo.com', 'Male', 1, 1, '2018-03-31'),
(407, 'Dirk', 'McReath', 'dmcreathb9@newsvine.com', 'Male', 1, 1, '2018-03-31'),
(408, 'Brynna', 'Kensitt', 'bkensittba@amazon.co.uk', 'Female', 1, 1, '2018-03-31'),
(409, 'Clemence', 'Bront', 'cbrontbb@bbb.org', 'Female', 1, 1, '2018-03-31'),
(410, 'Fabiano', 'Merrison', 'fmerrisonbc@paginegialle.it', 'Male', 1, 1, '2018-03-31'),
(411, 'Lane', 'Litchmore', 'llitchmorebd@wp.com', 'Male', 1, 1, '2018-03-31'),
(412, 'Titus', 'Daleman', 'tdalemanbe@technorati.com', 'Male', 1, 1, '2018-03-31'),
(413, 'Findley', 'McCue', 'fmccuebf@seesaa.net', 'Male', 1, 1, '2018-03-31'),
(414, 'Jenna', 'Vousden', 'jvousdenbg@salon.com', 'Female', 1, 1, '2018-03-31'),
(415, 'Cristin', 'Stockall', 'cstockallbh@webs.com', 'Female', 1, 1, '2018-03-31'),
(416, 'Udale', 'Byres', 'ubyresbi@disqus.com', 'Male', 1, 1, '2018-03-31'),
(417, 'Harlin', 'Gostall', 'hgostallbj@amazon.co.uk', 'Male', 1, 1, '2018-03-31'),
(418, 'Gian', 'Hatherley', 'ghatherleybk@tiny.cc', 'Male', 1, 1, '2018-03-31'),
(419, 'Grant', 'Cino', 'gcinobl@rakuten.co.jp', 'Male', 1, 1, '2018-03-31'),
(420, 'Raimondo', 'Sinson', 'rsinsonbm@sbwire.com', 'Male', 1, 1, '2018-03-31'),
(421, 'Philbert', 'Tortice', 'ptorticebn@irs.gov', 'Male', 1, 1, '2018-03-31'),
(422, 'Wilbert', 'Joao', 'wjoaobo@lulu.com', 'Male', 1, 1, '2018-03-31'),
(423, 'Kary', 'Pool', 'kpoolbp@uol.com.br', 'Female', 1, 1, '2018-03-31'),
(424, 'Alfy', 'Caren', 'acarenbq@ebay.com', 'Male', 1, 1, '2018-03-31'),
(425, 'Myrtle', 'Fallens', 'mfallensbr@blog.com', 'Female', 1, 1, '2018-03-31'),
(426, 'Brooke', 'Hylden', 'bhyldenbs@flickr.com', 'Female', 1, 1, '2018-03-31'),
(427, 'Cherilyn', 'Dumpleton', 'cdumpletonbt@nhs.uk', 'Female', 1, 1, '2018-03-31'),
(428, 'Isa', 'Geffinger', 'igeffingerbu@cyberchimps.com', 'Male', 1, 1, '2018-03-31'),
(429, 'Niels', 'Blincowe', 'nblincowebv@buzzfeed.com', 'Male', 1, 1, '2018-03-31'),
(430, 'Sigismundo', 'Blackhurst', 'sblackhurstbw@blogger.com', 'Male', 1, 1, '2018-03-31'),
(431, 'Early', 'Toquet', 'etoquetbx@amazon.de', 'Male', 1, 1, '2018-03-31'),
(432, 'Phelia', 'Pidgeley', 'ppidgeleyby@creativecommons.org', 'Female', 1, 1, '2018-03-31'),
(433, 'Mimi', 'Baumber', 'mbaumberbz@alexa.com', 'Female', 1, 1, '2018-03-31'),
(434, 'Kipper', 'Yantsurev', 'kyantsurevc0@constantcontact.com', 'Male', 1, 1, '2018-03-31'),
(435, 'Annabela', 'Leisman', 'aleismanc1@etsy.com', 'Female', 1, 1, '2018-03-31'),
(436, 'Yanaton', 'Cuncliffe', 'ycuncliffec2@istockphoto.com', 'Male', 1, 1, '2018-03-31'),
(437, 'Caspar', 'Feehely', 'cfeehelyc3@about.com', 'Male', 1, 1, '2018-03-31'),
(438, 'Zacharie', 'Raistrick', 'zraistrickc4@kickstarter.com', 'Male', 1, 1, '2018-03-31'),
(439, 'Jeffry', 'Allman', 'jallmanc5@histats.com', 'Male', 1, 1, '2018-03-31'),
(440, 'Benson', 'Renn', 'brennc6@360.cn', 'Male', 1, 1, '2018-03-31'),
(441, 'Lauraine', 'Calley', 'lcalleyc7@t-online.de', 'Female', 1, 1, '2018-03-31'),
(442, 'Tamarah', 'Wey', 'tweyc8@amazon.com', 'Female', 1, 1, '2018-03-31'),
(443, 'Vivyan', 'Habberjam', 'vhabberjamc9@uiuc.edu', 'Female', 1, 1, '2018-03-31'),
(444, 'Javier', 'Biglin', 'jbiglinca@deliciousdays.com', 'Male', 1, 1, '2018-03-31'),
(445, 'Mollee', 'Tarver', 'mtarvercb@oaic.gov.au', 'Female', 1, 1, '2018-03-31'),
(446, 'Doretta', 'Roggieri', 'droggiericc@uiuc.edu', 'Female', 1, 1, '2018-03-31'),
(447, 'Daune', 'Sherrell', 'dsherrellcd@paginegialle.it', 'Female', 1, 1, '2018-03-31'),
(448, 'Staford', 'Bonde', 'sbondece@rakuten.co.jp', 'Male', 1, 1, '2018-03-31'),
(449, 'Elisha', 'von Grollmann', 'evongrollmanncf@chron.com', 'Female', 1, 1, '2018-03-31'),
(450, 'Larisa', 'Mackleden', 'lmackledencg@usgs.gov', 'Female', 1, 1, '2018-03-31'),
(451, 'Audrey', 'Wogan', 'awoganch@seesaa.net', 'Female', 1, 1, '2018-03-31'),
(452, 'Elana', 'Gallimore', 'egallimoreci@reverbnation.com', 'Female', 1, 1, '2018-03-31'),
(453, 'Tiffie', 'Ivantyev', 'tivantyevcj@ehow.com', 'Female', 1, 1, '2018-03-31'),
(454, 'Stefania', 'Galbreth', 'sgalbrethck@dell.com', 'Female', 1, 1, '2018-03-31'),
(455, 'Louis', 'Bartozzi', 'lbartozzicl@newyorker.com', 'Male', 1, 1, '2018-03-31'),
(456, 'Jordana', 'Quilligan', 'jquilligancm@yandex.ru', 'Female', 1, 1, '2018-03-31'),
(457, 'Diena', 'Bostick', 'dbostickcn@cornell.edu', 'Female', 1, 1, '2018-03-31'),
(461, 'new item', 'cat 1', 'cyvubnm,l.;inm,l', 'b-12-1712', 3, 1, '2018-04-04'),
(462, 'nissf', ' ;ovesvk', 'dkoge', 'b-12-171212', 2, 1, '2018-04-04'),
(463, '9ottpwh', ' bj;wlgwg', 'wgg', 'wggw', 2, 1, '2018-04-15');

-- --------------------------------------------------------

--
-- Table structure for table `supplier`
--

DROP TABLE IF EXISTS `supplier`;
CREATE TABLE IF NOT EXISTS `supplier` (
  `supplier_id` int(11) NOT NULL AUTO_INCREMENT,
  `supplier_name` varchar(30) NOT NULL,
  `supplier_details` varchar(255) NOT NULL,
  `added_at` date NOT NULL,
  PRIMARY KEY (`supplier_id`),
  UNIQUE KEY `supplier_name` (`supplier_name`)
) ENGINE=InnoDB AUTO_INCREMENT=10 DEFAULT CHARSET=latin1;

--
-- Dumping data for table `supplier`
--

INSERT INTO `supplier` (`supplier_id`, `supplier_name`, `supplier_details`, `added_at`) VALUES
(1, 'pet store', 'maligaon , guwahati', '2018-03-30'),
(2, 'mk elctronics', 'GHY', '2018-03-30'),
(3, 'supplier3', 'details', '2018-03-30'),
(4, 'supplier4', 'jbsc', '2018-03-30'),
(5, 'test supplier', ' frfttgvf', '2018-03-30'),
(6, 'mahalakshmi enterpri', ' bksvs', '2018-03-30'),
(7, 'ttfscs', ' jk sds', '2018-03-30'),
(8, 'new story', 'sdsds', '2018-03-30'),
(9, 'test', ' ousvn;', '2018-04-04');

--
-- Constraints for dumped tables
--

--
-- Constraints for table `item`
--
ALTER TABLE `item`
  ADD CONSTRAINT `item_ibfk_1` FOREIGN KEY (`supplier_id`) REFERENCES `supplier` (`supplier_id`) ON UPDATE CASCADE,
  ADD CONSTRAINT `item_ibfk_2` FOREIGN KEY (`dept_id`) REFERENCES `department` (`dept_id`) ON UPDATE CASCADE;
COMMIT;

/*!40101 SET CHARACTER_SET_CLIENT=@OLD_CHARACTER_SET_CLIENT */;
/*!40101 SET CHARACTER_SET_RESULTS=@OLD_CHARACTER_SET_RESULTS */;
/*!40101 SET COLLATION_CONNECTION=@OLD_COLLATION_CONNECTION */;
